news_title,label
Чехия измъкна победата срещу Северна Македония с дузпи в последния си тест преди Евро 2024,1
"При 99.33% обработени протоколи от ЦИК: ГЕРБ-СДС печели парламентарните избори, второ място за ДПС и на евроизборите",1
Сателитни снимки показват щетите от атаката на ВСУ срещу военен обект в Джанкой,1
Тенисисти от Ливан и Черна гора с квоти за Олимпиадата,1
ГЕРБ – СДС отвяха конкуренцията в Кюстендилско,1
МФК Спартак (Варна) с нов категоричен успех в Шампионската лига по плажен футбол,1
Какъв съвет даде принц Луи на английските национали по футбол преди ЕВРО 2024,1
Белгийски национал ще продължи кариерата си в саудитски клуб,1
Избирателната активност у нас с нов антирекорд,1
Западното разузнаване проучва работата на ФСБ в архивите на КГБ в Украйна,1
"При близо 100% обработени протоколи в област Варна: ГЕРБ-СДС продължава да води, ПП ""Величие"" изпревари БСП",1
"ПП ""Величие"": Ще правим разузнаване с бой, ще бъркаме в държавната кухня, за да видим на какво мирише гозбата, сготвена отвътре",1
"Reuters: Макрон заложи капан на Марин льо Пен, като свика парламентарни избори",1
Бранител на Челси вариант за отбраната на Байерн,1
Рейнджърс се подсилва със защитник на Милан,1
От Пирин  (Благоевград) представиха дясно крило и централен нападател,1
Полицейският участък в община до Пловдив се сдоби с нов автомобил,1
Душан Керкез: До края на седмицата очаквам да обявим входящи трансфери,1
Полша връща буферната зона по границата с Беларус,1
Новият треньор на волейболистите на Черно море е ясен,1
"Астън Вила иска играчи от Ювентус, за да пусне бразилец",1
"Турчинът, убил румънски моторист в Прохода на Републиката остава в ареста",1
При 97.03% обработени протоколи от ЦИК: Седем партии влизат в следващото Народно събрание,1
Висока оценка за представянето на Радослав Гидженов на Европейското за юноши,1
Самолетна катастрофа в Африка: Вицепрезидентът на Малави вероятно е на борда,1
"Хирургът, оперирал Джокович, коментира шансовете му да е готов за ""Уимбълдън""",1
Вдигат тавана на заплатите в NHL,1
Бургаска улица заприлича на езеро заради авария,1
"Окончателно: ГЕРБ-СДС печели област Благоевград, ДПС остават втори",1
ЦСКА ще изиграе три мача без публика заради фенските изцепки в баража за Европа,1
"Почти финално при 99.31% протоколи: ГЕРБ 24.68%, ДПС – 17,04%",1
"Мними майстори измамиха жена, взеха 18 000 лева за саниране",1
"24-годишен инфлуенсър, неразбиращ нищо от политика, отива в ЕП",1
Димитър Недков: Загубихме всякакъв суверенитет,1
Наталия Гуркова показа красивата си дъщеря Джорджия,1
Рязко намалява интересът към инвестиране в соларни паркове,1
При 97.05% протоколи: ДПС става трета сила в евровота,1
"38,4 градуса на сянка са измерени в Русе",1
Стилиян Петров разкри тайната на успешния с и брак ,1
"2000 лева глоба за 21-годишният Митко, който летя с 127 км/час в Пловдив",1
"Почти финално при 99.31% протоколи: ГЕРБ 24.68%, ДПС – 17,04%",1
"Мними майстори измамиха жена, взеха 18 000 лева за саниране",1
Димитър Недков: Загубихме всякакъв суверенитет,1
При 97.05% протоколи: ДПС става трета сила в евровота,1
"38,4 градуса на сянка са измерени в Русе",1
Печеливши ли? При тази избирателна активност е странно някой да се радва на резултат,1
Преброиха рекордно много пеликани у нас,1
Изборите в България: Празни бюлетини и сгрешени протоколи,1
"Ицо Хазарта, Никола Минчев и Радан Кънев отиват в Брюксел от ПП-ДБ",1
Младежите в БСП поискаха оставката на Нинова,1
Вижте ексклузивни кадри от откриването на Кино Арена в Мега Мол,1
Театър за деца с увреден слух: “Изиграй ми приказка”,1
Гей сцена с ром и българин в нов наш филм предизвика скандал,1
Бургас отново ще бъде сцена за световното артхаус кино,1
Театрална миниатюра “Театроскоп” представя 12 спектакъла в кутии,1
“Няма страшно” - хумористичен сборник с разкази от баща и дъщеря,1
Пианистката Надежда Цанова разказва повече за “Софийски музикални седмици”,1
Театрален маратон в НАТФИЗ в нощта на изборите,1
"""Вера и далавера"" - проф. Александър Кьосев с есета за прехода",1
"Министри искат наказания за екоактивистите, атакуващи изкуство",1
"Доц. Иванов: Имайки предвид кой е Васил Божков, със сигурност има договорка",1
"Какъв е случаят с плачещето дете, нареждащо павета в София?",1
Нормално ли е директорът на ДКК да е получавал 14 хил. лв. заплата?,1
"Арестуваха 7 души заради убития шофьор, прегазил дете в Прилеп ",1
Мъртъв ли е Петьо Еврото? Има сериозни пропуски в работата на МВР,1
"Зеленски: Нашият флаг е нашата гордост, нашата увереност, нашата сила",1
"Огненото бедствие в Гърция: Жертвите са вече 18, продължава борбата с огъня",1
Европа почита жертвите на комунизма и нацизма,1
Има ли страх в обществото след убийството на Алексей Петров?,1
Ще минат ли горивата границата от 3 лв.? ,1
Google с нова глоба в Турция,1
През юни А1 радва феновете на гейминга с PlayStation 5 на промоционални цени,1
Илон Мъск заплаши да напусне Tesla,1
Стъпка към Космоса: Starliner се скачи с МКС,1
Летни отстъпки от A1 – купи нов 5G смартфон с отстъпка до 80% и цени на лизинг от 1 лев на месец,1
"Топ модели на Apple, Samsung и Huawei с удължена 3-годишна гаранция от А1 през юни",1
"Мъск въвежда норми за порното в Х, не може орган на профилна снимка",1
"Илюзия: ИИ кара децата да мислят, че знаят всичко",1
И този път космическият кораб на Boeing не полетя ,1
Как влияят облаците на климатичните промени?,1
"Мними майстори измамиха жена, взеха 18 000 лева за саниране",1
"2000 лева глоба за 21-годишният Митко, който летя с 127 км/час в Пловдив",1
"ГДБОП разби наркогрупа, действала в четири града",1
Шофьор с 3 промила блъсна две паркирани коли,1
"Задържаха рецидивист, прострелял полицай",1
Задържаха мъж за насилие над дъщеря му,1
Един намушкан след като двама араби се сбиха пред НДК,1
"Задържаха жена за ало измама, взела 20 000 лв. от 91-годишен",1
Син заплаши майка си с убийство,1
52-годишен мъж е задържан за убийство в Стара Загора,1
"24-годишен инфлуенсър, неразбиращ нищо от политика, отива в ЕП",1
Рязко намалява интересът към инвестиране в соларни паркове,1
Ще получи ли нов мандат Урсула фон дер Лайен?,1
Google с нова глоба в Турция,1
Дясната ръка на Вучич се закани на Балканите: Ще преначертаваме граници! ,1
"Зеленски отхвърли твърденията, че село Риживка е превзето",1
ООН инвестира в соларни панели в борбата с недостига на ток,1
Слаб интерес към вота в Турция,1
ПП-ДБ са първи на изборите в Белгия,1
Путин ще разчита на подкрепа от Северна Корея и Виетнам,1
Юношите на България U18 направиха равен с румънските си връстници,1
Москва: Руски стратегически бомбардировачи прелетяха над Северна Европа,1
"Политолог: Оставката на Христо Иванов е поемане на отговорност – нещо, което е дефицит в българската политика",1
Кметът на Ловеч обяви съдбата на Литекс ,1
Хебър обяви новия си старши треньор и щаба му,1
"Проф. д-р Ингрид Шикова: На тези избори спечелиха социалните мрежи, спечелиха технологиите",1
Тотален разрив между Русия и Армения! Ереван окончателно мина на страната на Украйна,1
"При обработени 97,05% протоколи на СИК: ГЕРБ води, втори излизат ПП-ДБ, трети е ДПС",1
Илиан Илиев извежда Черно море за първа тренировка в сряда,1
Синът на президента! Хънтър Байдън няма да дава показания по заведеното срещу него дело ,1
"Нидал Алгафари: Негласувалите са доволни от начина, по който живеят и нямат нужда да променят нищо",1
Михаил Александров обяви инфраструктурните планове на ЦСКА,1
"Икономист: Бързо се справихме с инфлацията, догонваме европейското ниво на БВП и покупателната способност",1
"Германия се ""дави"" в непродадени електрически автомобили",1
"Първият дипломат на Вашингтон: Арабските държави трябва да окажат натиск върху ""Хамас""",1
Наложиха много тежки наказания на ЦСКА София ,1
Николай Марков: Ще работим за запазване на българския лев,1
"Русия пак разцепва България преди изборите, но не може да я извади от ЕС",1
Ботев Пловдив стартира лятна подготовка,1
Татяна Дончева: ПП-ДБ  беше изхабен за сравнително кратко време политически проект от неподготвени хора,1
ЦСКА 1948 започва своята подготовка за новия сезон във вторник,1
Осман Октай: Христо Иванов за втори път катастрофира в опита си да направи съдебна реформа,1
Защита срещу руските ракети! Украйна скрива част от доставените F-16 в чужбина,1
Виктория Томова в топ 70 на световната тенис ранглиста ,1
Васил Тончев: Големият победител на изборите е Слави Трифонов. Той ще бъде златната акция,1
"Росен Петров - ""Животното"" със  сериозни критики към старото ръководство на ЦСКА",1
В Белград: Мирише на българско вето за Сърбия,1
"Младежкото БСП разпъна транспаранти с ""Оставка"" и ""Промяна"" на ""Позитано"". Поискаха Нинова да си ходи ",1
Жребият за новия сезон в Първа и Втора лиги ще бъде изтеглен в четвъртък,1
ЦИК публикува резултатите от изборите за парламент и евровота по области ,1
Две 12-годишни момчета са надраскали фасадата на НДК,1
Единият от братя Диневи вдига сватба до дни,1
"Съпругата на Кание Уест облече нетипичен тоалет, покриващ я от глава до пети (СНИМКИ)",1
TikTok звезда от Кипър стана евродепутат ,1
Рекордните горещини водят до по-голямо обедняване ,1
9 съвета за хора с ниско самочувствие,1
Най-големите бебета сред зодиите,1
"Трите зодии, които ще забогатеят това лято",1
Пастата за зъби: Чудодейно средство с безброй приложения в дома,1
Как да се справим със слънчевото изгаряне,1
"Зрителите са недоволни: Не искат втори сезон на ""Скрита самоличност""",1
Как да защитим косата от летните жеги?,1
Солариумът крие опасни рискове за здравето,1
Как да се предпазим от обезводняване през лятото?,1
Глория и младото ѝ гадже заживяха заедно,1
800 звезди мистериозно изчезнаха от небето,1
Ритуали за привличане на пари ,1
"Жена, тежала 106 кг, днес е претендентка за „Мис Вселена“ (СНИМКИ)",1
"Зрители на ""Кой да знае?"" обвиниха Сашо Кадиев в неграмотност",1
Учени откриха ново свойство на аспирина ,1
Трябва ли да перем новите дрехи преди първото обличане?,1
"Oткриха невронни механизми, които мозъкът използва при планиране",1
В Германия откриха останки от най-малката известна досега човекоподобна маймуна,1
Кола блъсна Кали в деня на изборите,1
Драг кралица бе председател в избирателна секция на европейските избори (ВИДЕО),1
Сузанита обикаля Монако по сутиен (СНИМКА),1
Рецепта на деня: Млечна разядка с тиквички и картофи,1
Днес правенето на секс има целебно действие,1
Днес е Международният ден на ромската жена,1
Вече са ясни трима от участниците в „Игри на волята” 6,1
Проучване: Шумният ауспух показва психични проблеми,1
Китай започва да произвежда автомобили с автопилот от трето ниво,1
Eлектрификацията на автомобилите май се отлага,1
"Tesla представи още един сив цвят, който обаче струва колкото употребяван автомобил",1
ZF променя изцяло въздушната възглавница във волана,1
"Digital4Sofia OA Conference 2024: по-мащабно, по-грандиозно, по-полезно",1
Samsung работи над нова удобна функция,1
Увеличеното търсене на Xiaomi SU7 накара компанията да наема нови служители,1
Недалеч от Земята беше открита потенциално обитаема екзопланета,1
Ford и Tesla разкриха колко клиентите им са карали на автопилот,1
Tesla пусна нова алкохолна напитка с цена от 450 долара,1
Електромобилите Mercedes получиха иновативни твърдотелни батерии,1
Pirelli разработи специални зимни гуми за BMW,1
Разкриха размерите на новите „айфони“,1
HTC представя нов смартфон следващата седмица,1
Това е нова глава в историята на космонавтиката,1
"Microsoft поправи грешка, която позволяваше създаването на локални акаунти в Windows 11",1
Mercedes-Benz и Stellantis спират производството на батерии за електрически автомобили в ЕС,1
Samsung спира поддръжката на тези смартфони,1
Redmi представи смартфон със 113MP камера,1
Младите иноватори от Варна блеснаха на ТЕХНОСТАРТ Weekend Junior Edition 2024,1
Xiaomi може да пусне новия си сгъваем смартфон и извън Китай,1
Samsung ограничава поддръжката на стари смарт часовници,1
Apple излезе със становище за грешката с новия iPad,1
Новите коли на Huawei ще се борят с Maybach и Rolls-Royce,1
Apple стартира международните продажби на Vision Pro,1
Xiaomi се похвали с доставките на първия си електромобил,1
"Процесорът на новия iPad не е точно това, което всички очакваха",1
Необичаен преносим електрически скутер (ВИДЕО),1
Най-добрите телевизори стават още по-добри с помощта на изкуствен интелект,1
"Германия се ""дави"" в непродадени електрически автомобили",1
Признаци за повреда на горивния филтър и кога трябва да го сменим,1
Германски търговци успешно заобикалят санкциите и продават коли в Русия,1
Златно кюлче на колела!,1
Могат ли китайските производители на автомобили да се справят със защитните мита върху електромобилите им в Европа?,1
Между Toyota и Lexus: Премиум семейният кросоувър Crown Signia навлиза на пазара,1
"Китайски автомобилен производител, представен и у нас, започна да използва хуманоидни роботи за сглобяване на автомобили",1
Китайците отказват да купуват автомобили от Европа,1
General Motors сравнява Corvette с Ferrari SF90,1
Mercedes не успя да скрие новата S-Klasse,1
Новият Mustang „кацна“ в България навръх 60-тата годишнина на модела,1
Golf “тройка“ срещу BMW M5 и AMG GT 63 (ВИДЕО),1
Първи поглед към новото BMW X3 с ДВГ ,1
Потвърдено: Fiat 500 ще се предлага и с ДВГ,1
Jeep връща на пазара легендарния офроудър Cherokee ,1
Първи тестове на чудовищно изглеждащата Dacia Sandrider,1
"Руска, румънска или френска е новата Lada Iskra?",1
Една-единствена серийна кола се доближава най-много до скорстта от 500 км/ч,1
Ford показва възроденото Capri на 10 юли?,1
Stellantis иска да прави повече части самостоятелно,1
"Казваме сбогом и на най-малките, и на най-големите модели на Citroen ",1
Мате Римац получи новия си автомобил,1
"Peugeot няма да прави повече ""наточени"" модели с ДВГ",1
Шефът на Ford в Европа отива във VW,1
Alpina „напомпа“ новата „тройка“ до нивото на М3,1
Нови правила за TIR-аджиите,1
Осем скъпи спортни коли катастрофираха при улична гонка на магистралата (ВИДЕО),1
"Знаете ли какви нови ""джипки"" купуват българите",1
Toyota представи спортна версия на Corolla,1
Появи се секретен VW Golf 6 с мощност 460 конски сили (ВИДЕО),1
Съседите оптимизират държавните разходи чрез внедряване на изкуствен интелект,1
Крум Хаджигеоргиев е новият председател на УС на БАСКОМ,1
Турция подгони Apple,1
Филип Морис Интернешънъл оглави класацията на Forbes за компании с нулеви нетни емисии за 2024 г.,1
Европа трябва да се обедини по отношение използването на по-унифицирани оръжия,1
Макрон срина еврото до едномесечно дъно,1
Мъск може да получи компенсация в размер на 56 милиарда долара,1
Путин с горчиво признание,1
"Венецуела и Турция създават ""нов свят""",1
Скандал срина Toyota,1
Летим до нова атрактивна дестинация,1
"Отбранителната индустрия е изключително конкурентна, като двигател на развитието е пазарът",1
Има лек спад на руски газ от Европа ,1
Обявиха стачка в най-голямото германско пристанище,1
"Германският бизнес у нас ""затяга колана""",1
ЕЦБ намали и трите основни лихвени проценти,1
Турция може да доставя газ на 2 милиона Домакинства от едно находище,1
Новият ключов играч в световната икономика,1
Стабилна цена! Петролът на ОПЕК остава под 79 долара за барел,1
"Руската икономика - и бутафорна, и истинска",1
Вертикалният газов коридор е стратегическа инициатива,1
Електрохолд и Еврохолд създават платформа за финансова подкрепа за българския спорт от бизнеса,1
Най-новите технологии във военната промишленост (СНИМКИ+ВИДЕО),1
"Ирак, Русия и Казахстан с график за компенсации за преизпълнение на производството на петрол ",1
Сърбия увеличава запасите от газ ,1
Икономическият форум в Санкт Петербург като рецепта за здравословно геополитическо ястие,1
Ердоган обяви началото на износа на газ от Турция за Европа ,1
Радев открива изложение на отбранителни продукти в Пловдив,1
"Представят българския туризъм на Германия, Австрия и Швейцария на форум в Слънчев бряг",1
Инфлацията при съседите до края на годината ще бъде 38% ,1
"Политолог: Оставката на Христо Иванов е поемане на отговорност – нещо, което е дефицит в българската политика",1
"Проф. д-р Ингрид Шикова: На тези избори спечелиха социалните мрежи, спечелиха технологиите",1
"При обработени 97,05% протоколи на СИК: ГЕРБ води, втори излизат ПП-ДБ, трети е ДПС",1
"Нидал Алгафари: Негласувалите са доволни от начина, по който живеят и нямат нужда да променят нищо",1
"Икономист: Бързо се справихме с инфлацията, догонваме европейското ниво на БВП и покупателната способност",1
Николай Марков: Ще работим за запазване на българския лев,1
Татяна Дончева: ПП-ДБ  беше изхабен за сравнително кратко време политически проект от неподготвени хора,1
Осман Октай: Христо Иванов за втори път катастрофира в опита си да направи съдебна реформа,1
Васил Тончев: Големият победител на изборите е Слави Трифонов. Той ще бъде златната акция,1
"Младежкото БСП разпъна транспаранти с ""Оставка"" и ""Промяна"" на ""Позитано"". Поискаха Нинова да си ходи ",1
ЦИК публикува резултатите от изборите за парламент и евровота по области ,1
„Булгаргаз“ предлага спад в цената на газа за юли,1
"Иван Таков: Ще се появяват все повече като ""Величие"", при цялата безпомощност у традиционните партии ",1
Имената на новите 240 депутати ще бъдат обявени от ЦИК на 16 юни ,1
Кампанията на Синя България за следващите избори започва днес,1
"Официално от ЦИК: При 93.53% обработени протоколи - ГЕРБ-СДС печели, ДПС втори",1
ДПС печели над 85% от гласовете в Кърджали,1
Христо Иванов подаде оставка като лидер на ДБ,1
Жена почина на пешеходната улица в Смолян,1
"Светлин Тачев: Избирателите на ""Величие"" търсят протестен вот. Повече са жени, млади хора, висшисти",1
Издирват млад мъж от София,1
"Костадин Костадинов: Който влезе в новото правителство, на практика, няма да излезе жив ВИДЕО",1
"Завърши плановият годишен ремонт на пети блок на АЕЦ ""Козлодуй""",1
Борисов: Те се чудят защо сме първи на изборите. Защото ГЕРБ могат да покажат какво са направили (ВИДЕО),1
30% по-ниска изборна активност на изборите в Турция,1
Цистерна се е обърнала и самозапалила на път Е-79,1
Междинни резултати: ГЕРБ-СДС са първи в повечето области в страната при избора за парламент ,1
Човешки останки и части от дрехи са били открити край Ардино,1
"Светослав Малинов: ГЕРБ, ДПС и ИТН могат да се договорят за кабинет, но той не може да е с премиер Борисов",1
"""Величие"" проби и в Калифорния",1
"Русия пак разцепва България преди изборите, но не може да я извади от ЕС",1
Борислав Цеков: Избирателите смениха политическите роли на основните партии,1
"Илиян Василев: Подполковникът е изцяло рожба на социалните мрежи, на руското посолство и на местните феодали",1
"Защо ""Величие"" не е никаква изненада",1
Милен Желев пред ФАКТИ: Към момента Радев няма интерес да бърза с проект,1
Кичашки: Категорична победа на ГЕРБ. Разгромна загуба на ППДБ. Русофилският вот е в порядъка на 15-16%,1
След изборите: истинският победител и въпросът на въпросите,1
Евгений Кънев: Време е за разбор на какво се дължат слабите резултати на ПП-ДБ,1
Щастлива Франция!,1
"Имаме ниска избирателна активност, а… при референдум? Елена Дариева пред ФАКТИ",1
Димитър Атанасов: Софийският електорат е капризен и много хлъзгав. Той не е даденост!,1
Николай Слатински: Западната цивилизация получи следпоследното си предупреждение,1
Кой спечели телевизионния дебат за общите парламентарни избори във Великобритания? ,1
Макрон хвърли пешкира,1
Записки по българските реформи,1
Иво Инджов: Спуска ли се мрак над България навръх астрономическото лято?!,1
Войната в Косово: когато принудиха Милошевич да отстъпи,1
Първан Симеонов: Масовото съзнание понякога търси нетрадиционни и екзотични опции,1
"Макрон може да взриви всички ключалки, които ни пазят от Трета световна война",1
Сделката за руско-китайския газопровод е блокирана заради ценовите изисквания на Пекин,1
"Аркади Шарков: Следващият здравен министър трябва да бъде добър комуникатор, с пациентите, с българския народ",1
Антония Коцева: Защитава ли държавата достатъчно добре земеделците от по-силните икономически търговски оператори?,1
Politico: Шарл Мишел крои реванш срещу Урсула фон дер Лайен,1
Битката за децата на Русия: НЕ на пропагандата в градината,1
Разкрития: Меркел си е мълчала за газовия шантаж на Путин?,1
"Оръжия, но не само... Какво още поиска Володимир Зеленски от Европа?",1
"Цветан Гемишев: БМВ-то на Нойзи и кашата, която забъркаха депутатите миналото лято",1
Антон Гицов: Предизборни терзания,1
"Цончо Ганев пред ФАКТИ: При много висока избирателна активност ГЕРБ ще се борят да влязат в НС, а ДПС няма да ги има",1
Емилия Милчева: Румен Радев може да изиграе забележителна роля като инструмент за излизането на България от НАТО и ЕС,1
Шофьор с над 3 промила алкохол помете две коли и разби магазин в с. Лозен,1
Рецидивист простреля полицай в София,1
Араби се клаха с ножове пред НДК,1
Маскиран и въоръжен обра тото пункт в Свищов,1
Трима пребиха с пръчки мъж в Айтос (ВИДЕО),1
Мащабна акция на ГДБОП против наркотрафика се провежда в няколко области в страната ,1
Трима пратиха млад мъж в болница след сбиване в павелбанско село,1
"Задържаха криминално проявен мъж, буйствал и чупил в болница в Каварна",1
Става ясно състоянието на простреляния 19-годишен след гонката в Плевен,1
Момиче е било пребито в двора на училище в София,1
Раниха полицай в Русенско,1
Пробваха да ограбят златарско ателие в Бургас,1
Съдът решава да се отнеме ли автомобилът на Ивайло Цветков-Нойзи,1
В Несебър откриха труп на мъж,1
Задържаха баща и син след гонка и агресия към полицаи,1
Мъж рани две жени с нож и се барикадира в сграда в село Рупци,1
"Издирват мъж, отвлякъл 10-годишно дете в Лясковец (СНИМКА)",1
Убийцата на децата си от Сандански ще обжалва доживотната присъда,1
"Майката, убила двете си деца в Сандански, отива в затвора до живот",1
Съдът отказа обезщетение на полицай по делото за смъртта на Чората,1
"86-годишна жена преби с бастун бившия си сват, той е в болница с черепна травма и счупени ребра",1
Задържаха камион със 17 мигранти край Враца,1
Син уби баща си и се хвърли под влака,1
Във Враца жена беше пребита до смърт от втория си съпруг,1
Апаши срязаха спирачни маркучи и счупиха стъкло на локомотив на гарата в Лом,1
"Чалготека, алкохол и райски газ: Какво правят децата в късния следобед?",1
Полицията залови 12 непълнолетни в дискотеки във Варна,1
Председател на ТЕЛК - Габрово получи условна присъда за подкуп,1
"Столичната полиция с акция срещу купения вот във ""Факултета"". Има задържани ",1
Разпитват свидетели и вещи лица по делото „Дебора”,1
Юношите на България U18 направиха равен с румънските си връстници,1
Кметът на Ловеч обяви съдбата на Литекс ,1
Хебър обяви новия си старши треньор и щаба му,1
Илиан Илиев извежда Черно море за първа тренировка в сряда,1
Михаил Александров обяви инфраструктурните планове на ЦСКА,1
Наложиха много тежки наказания на ЦСКА София ,1
Ботев Пловдив стартира лятна подготовка,1
ЦСКА 1948 започва своята подготовка за новия сезон във вторник,1
Виктория Томова в топ 70 на световната тенис ранглиста ,1
"Росен Петров - ""Животното"" със  сериозни критики към старото ръководство на ЦСКА",1
Жребият за новия сезон в Първа и Втора лиги ще бъде изтеглен в четвъртък,1
Петър Андреев претърпя успешна операция,1
"Александър Чеферин: ""Нямаме никакви конкретни проблеми със сигурността за ЕВРО 2024""",1
ЦСКА 1948 и Антонио Вутов се разделиха,1
"Петима играчи напускат ЦСКА след 30-и юни, Иван Турицов под въпрос",1
"Треньорът на ЦСКА Томислав Стипич: „Резултатите във футбола са всичко, останалото е романтика""",1
Стоян Орманджиев представи стуктурата на ЦСКА,1
"Филип Филипов: ""ЦСКА ще следва своя футболна философия""",1
"Ивана от Световното ""атакува"" и трибуните на Евро 2024",1
Стана ясен наследникът на Вили Вуцов,1
"Световната №1 не се вижда на ""Уимбълдън""",1
След демонстративен футболен мач - спрягат Фюри за трансфер в Челси (ВИДЕО),1
Стефка Костадинова предизвика истински фурор в Рим,1
"Алекс Колев: Имам оферти от чужбина, но водя преговори с Левски",1
"Президентът на Арда: Попитах чистачките ни за Благо Георгиев, но и те не знаят нищо",1
Левски иска от чешки гранд 1 млн. евро за свой нападател,1
Новият треньор на Левски хареса 18-годишен защитник,1
Треньорът на Левски с ултиматум към Ангел Бастунов ,1
Лудогорец води преговори с голям любимец на сектор „Г“,1
"Херо: У нас на 60 те броят за пенсионер, а на тези години Анчелоти и Гасперини печелят европейски купи",1
Гюнер Тахир пред ФАКТИ: Безплатните екскурзии от Турция започнаха след 25 май,1
Тончо Краевски  пред ФАКТИ: ГЕРБ биха искали да разкачат ПП от ДБ (ВИДЕО),1
Иван Таков пред ФАКТИ: Цялата ни тревога сега идва от раздробеното ляво в момента (ВИДЕО),1
Татяна Дончева пред ФАКТИ: Борисов и Пеевски са в абсолютна зависимост през закона „Магнитски“ (ВИДЕО),1
"Никола Вапцаров пред ФАКТИ: ПП имаха наглостта да узурпират протеста, а след това го продадоха (ВИДЕО)",1
"Димитър Гърдев пред ФАКТИ: На Макрон му е лесно да говори, наблюдавайки конфликта в Украйна от 5000 км (ВИДЕО)",1
Емануил Йорданов пред ФАКТИ: Записите се хвърлят избирателно (ВИДЕО),1
Георги Тодоров пред ФАКТИ: Имаме покушение срещу суверенитета на Българската православна църква (ВИДЕО),1
Борис Иванов пред ФАКТИ: В България управляващите са силно зависими (ВИДЕО),1
"Димитър Стоянов пред ФАКТИ: Има много ясни неща, свързани с убийството на Алексей Петров! (ВИДЕО)",1
Любомир Дацов пред ФАКТИ: Това направи Асен Василев - имаше нещо на масата и го изяде… (ВИДЕО),1
Георги Тодоров пред ФАКТИ: Никога досега БПЦ не е влизала в съслужение с разколници (ВИДЕО),1
"Данаил Георгиев пред ФАКТИ: ПП-ДБ искат по-малко хора на изборите, за да може всичко да продължи постарому (ВИДЕО)",1
Арх. Иван Шишков пред ФАКТИ: С детската болница Главчев даде себе си на ДАНС и прокуратурата (ВИДЕО),1
Деян Николов пред ФАКТИ: Има и идея да се спре движението в центъра на София изцяло (ВИДЕО),1
Проф. Иван Илчев пред ФАКТИ: Никаква жертва не е направило правителството за парите на висшите училища (ВИДЕО),1
"Анна Заркова пред ФАКТИ: Луканов, куфарчетата и проект „Нева“ (ВИДЕО)",1
Арман Бабикян пред ФАКТИ: Пет куршума в тялото на словашкия премиер е опит за убийство (ВИДЕО),1
Иво Инджов пред ФАКТИ: Трябва да се види какъв е проблемът с рекламата на хазарт в медиите (ВИДЕО),1
Гюнер Тахир пред ФАКТИ: Очакването ГЕРБ и ДПС да имат мнозинство на изборите няма да се случи (ВИДЕО),1
"Димитър Гърдев пред ФАКТИ: В Скопие не разбират европейския процес, Силяновска си е в Югославия (ВИДЕО)",1
"Доц. Огнян Боюклиев пред ФАКТИ: Кирил Вътев направи всичко възможно, за да разедини земеделския бранш (ВИДЕО)",1
Д-р Владимир Трифонов: Макрон се стреми да отвори китайския пазар за френски фирми ВИДЕО,1
Д-р Кристиян Иванов: Трябва да си отговорим на въпроса защо точно сега се правят тези промени за хазарта ВИДЕО,1
Григор Здравков пред ФАКТИ: България стана страна-износител на марихуана за Турция ВИДЕО,1
Д-р Атанас Мангъров пред ФАКТИ: От цялата тази сага с детската болница някой ще връща много пари (ВИДЕО),1
Д-р Стойчо Кацаров пред ФАКТИ: Премиерът Главчев сам си създаде проблема с частната болница (ВИДЕО),1
"Адвокат Велислав Величков пред ФАКТИ: Комисията за „Нотариуса“ беше обречена, след като нямаше ротация (ВИДЕО)",1
"Тома Белев пред ФАКТИ: Ако говорим за „Корал“, там интересите за над 300 млн. (ВИДЕО)",1
Адвокат Петър Славов пред ФАКТИ: Само Пеевски или беше проблем на „сглобката“… (ВИДЕО),1
Москва: Руски стратегически бомбардировачи прелетяха над Северна Европа,1
Тотален разрив между Русия и Армения! Ереван окончателно мина на страната на Украйна,1
Синът на президента! Хънтър Байдън няма да дава показания по заведеното срещу него дело ,1
"Първият дипломат на Вашингтон: Арабските държави трябва да окажат натиск върху ""Хамас""",1
Защита срещу руските ракети! Украйна скрива част от доставените F-16 в чужбина,1
В Белград: Мирише на българско вето за Сърбия,1
"Радослав Сикорски: Ако Украйна падне, Полша и балтийските държави ще бъдат изправени пред заплаха от руска атака",1
Канцлерът запазва самообладание! Без предсрочни избори въпреки краха на коалицията на Шолц,1
"Бойците на ""Хамас"" получиха постоянна заповед: Ликвидирайте заложници, ако израелските войници идват",1
На война срещу руската дезинформация! САЩ и Полша ще помагат на Киев,1
"Зеленски твърдо отхвърли твърдението на Русия, че е превзела село Риживка в Сумска област",1
АзГ изключи скандалния Максимилиан Кра и търси спешно помирение с Льо Пен,1
Вашингтон и Сеул обединяват сили срещу на ядрените заплахи на Северна Корея,1
Руски политици със злорадство коментираха тежките поражения за партиите на Макрон и Шолц на изборите за ЕП,1
"Русия обяви, че нейните сили са поели контрол над Старомайорске, село в Югоизточна Украйна",1
Тази седмица китайският министър-председател ще посети Нова Зеландия,1
Русия към Франция: Следим ви отблизо,1
"""Дер Щандарт"": България е врата за Кремъл към ЕС",1
"Армията на Беларус се включва във втория етап от руските учения, разпоредени от президента Путин",1
Пакистанският премиер поздрави Нарендра Моди за полагането на клетва като министър-председател на Индия,1
Украйна е поразила руски ПВО системи в Крим,1
В Германия: Няма да има войници на НАТО в Украйна,1
Путин заплаши НАТО с асиметричен удар: военни експерти казаха какво означава това,1
Премиерът на Австрия осъди вандалска проява срещу американското консулство в Сидни,1
"Самолет на Австрийските авиолинии ""Еърбъс"" A320-200 попадна в силна гръмотевична буря",1
"Говорител на палестинската организация ""Хамас"" призовава САЩ да окажат натиск върху Израел за прекратяване на огъня",1
САЩ свикват Съвета за сигурност на ООН,1
Швейцарската конференция за мир в Украйна: 90 страни и организации потвърдиха участието си,1
Макрон направи шокиращо обръщение,1
Държавният секретар на САЩ ще посети Египет и Израел за осми път ,1
Съживяване на строителството у нас,1
Евтини жилища в Дубай,1
Чужденците предпочитат покупка на имот в Сърбия пред такъв в България,1
Русия с ново уникално съоръжение за 2 млрд. USD,1
Национална компания получи 28 имота от правителството,1
Територията на България намалява,1
Строят завод за рекордните 7.8 млрд. USD,1
Емблематична къща в центъра на София отново отваря врати,1
Инвестицията в определени имотни сегменти е концентрирана в София,1
България сред най-слънчевите държави в Европа,1
Българите ще спасяват пазара на ваканционни имоти,1
Създадоха най-малката карта на метространци на мегаполис в света (СНИМКИ),1
Слънчеви паркове се строят само върху земеделски земи категория от 7 до 10,1
Триетажна сграда се срути в Истанбул (ВИДЕО),1
Новата архитектурна революция – соларни прозорци,1
Бизнес сграда от ново поколение е дом на водеща българска банка,1
Нестандартен начин за контрол на цените на имотите въвежда Турция,1
Новите жилища вече не са атрактивни за американците,1
Голямата борба на богатите да продадат луксозните си имоти,1
Колко са богати брокерите на имоти?,1
Значителен спад на инвестициите в имоти,1
Събарят 154 незаконни постройки край къмпинг в Лозенец,1
Удължете живота на вашата мека мебел: пране и поддръжка за здравословен дом,1
Руснаците все по-трудно разпродават имотите си по българското Черноморие,1
Инвестициите в Централна и Източна Европа замръзнаха,1
Превърнаха резиденцията на президента на Грузия в хотел,1
Правителството предостави 34 имота на Столична община,1
От днес Халите отново отварят врати (СНИМКИ+ВИДЕО),1
"Мария Гъркова, ЕТЕМ: За един успешен и висококачествен проект, инвеститорът има нужда от надежден партньор",1
"В бъдещ момент очакваме украинци да започнат да продават имотите, които са купили по българското Черноморие",1
 Най-доброто време за вечеря,1
Козето мляко - ключът към дългия живот,1
"Учени разработиха лекарство, каращо зъбите да растат отново",1
Дете на годинка и четири месеца е заразено с морбили,1
"Храни и напитки, които предизвикват главоболие",1
"Най-добрите добавки за жените, опитващи се да забременеят",1
Интервално хранене и протеини: Водят ли до отслабване?,1
Лунна диета през юни - ето кои са подходящите дни,1
Средиземноморската диета може намали риска от ранна смърт при жените,1
Кориандърът и неговите ползи за здравето,1
Нов център за рехабилитация в София,1
"Изпитват лекарство върху хора, успешно възстановяващо зъби при животните",1
Периодичното гладуване подобрява здравето на червата и помага в отслабването,1
Възлите на щитовидната жлеза се топят лесно и бързо,1
8 медицински изследвания задължителни за жените на 30 и 40 години,1
Домашен лек срещу кашлица се приготвя лесно и върши чудеса,1
Д-р Иван Маджаров: Все по-трудно става да набавим нови кадри,1
Психолог разкри как да свалим високото кръвно без лекарства,1
Диетолог посочи най-голямата заблуда за хляба,1
Климатичните промени увеличат риска от инсулт,1
4 съвета как да поддържаме коленете си здрави,1
4 лесни начина да регулираме нивата на кръвна захар,1
Забранените храни за закуска и на празен стомах,1
Диетолог: Чаят забавя стареенето и намалява риска от рак,1
От колко протеин се нуждаете всеки ден?,1
Кардиолог посочи 3-те най-големи последствия от консумацията на алкохол,1
5 здравословни ползи от консумацията на череши,1
"Витамини и минерали, които ще ни помогнат в борбата с килограмите",1
Кошмарите могат да бъдат симптом на тежко автоимунно заболяване,1
Вегетарианството и веганството предпазват от рак и сърдечни болести,1
София приветства участници от 33 града в Националната SmartyKids олимпиада по Ментална аритметика,1
Диляна Попова краси ВИДЕО към новата песен на Орлин Горанов,1
В името на бъдещето: БАХ! Настръхнали от край до край,1
10 юни 1912 г. Прокуден от България в Швейцария издъхва Пенчо Славейков,1
"Алек Попов получи посмъртно голямата награда ""Христо Г. Данов"" ",1
"Шотландка се разпозна в сериал, съди Netflix за 170 млн. долара ВИДЕО",1
50 учени от УниБИТ участваха в 18-я Международен пътуващ семинар в Сицилия,1
Почина естрадната певица Маргарита Радинска,1
Свиленград е домакин на Международния фолклорен фестивал  „Песни и танци без граници”,1
Значение на името Орфей,1
"Звездите на класиката Бомсори и Сабине Майер в един концерт, дирижиран от министъра на културата маестро Найден Тодоров",1
„Реализъм с безгранична дълбочина“ – Кете Колвиц в Националната галерия,1
Опит за подход във възгледите на Рихард Вагнер,1
"Българското име на Тибър - реката, която тече през Вечния град",1
"Първото интервю на Жулиен, синът на Жо Дасен: Не подражавам на баща си, аз го продължавам!",1
Концерт по случай 75-годишнината на композитора Божидар Спасов,1
Почина художникът Петър Мичев-Педро ,1
Лили Иванова бе удостоена с отличието „Златен век“ с огърлие (СНИМКИ),1
Уили Нелсън издава 152-ия си албум,1
"""Нощ на звездите"" препълни зала ""Арена София"" (СНИМКИ) ",1
Днес се навършват 20 години от смъртта на Николай Гяуров,1
Театралният фестивал „Варненско лято“ започна със спектакъла „Великденско вино“,1
Малийският блус-рок титан Вийо Фарка Туре за първи път в София,1
Соня Йончева спечели приза „Музикант на годината“ ВИДЕО,1
Рекорд: Китара на Джон Ленън бе продадена за близо 3 милиона долара (ВИДЕО+СНИМКИ),1
SPLENDOUR MUSICUS  – за Рицарството ВИДЕО,1
Клинт Истууд стана на 94 г.,1
Какво знаем за живота и управлението на цар Фердинанд I,1
Представиха том II на Енциклопедия „Тракия“,1
Древни детски рисунки от Помпей разкриват жестоки сцени (СНИМКИ),1
Костинброд 2. В ролята на Бареков - Тошко Йорданов,1
Рекордни премии в МФ: 20 000 лева за 17 дни! Асен Василев е поддържал скрит антураж от хора на граждански договори,1
Narod.bg: Абсурдна политическа чистка в 5-о РПУ в столицата,1
Прамод Митал иска да съди България за 500 млн. долара заради съсипването на „Кремиковци“,1
"Милиарди са изхарчени неправомерно от кабинета ""Денков""",1
Mediamall: Как Гърнетата от „Титан“ се сдобиха на безценица със супер скъпа земя в центъра на София,1
Скандален запис № 1. Незаконен кеш. Асен Василев: „Ние неофициален кеш имаме! Шансът да стигнем трите милиона е много.“ ,1
Narod.bg: КЗК разследва схема на Нико Тупарев за 100 млн. лева в bTV и Нова,1
Теренът за детска болница  - административна каша,1
"Скандалът с детските болници: А, какво се случва с държавната?",1
"Биволъ: Лена Бориславова ""чисти"" Кирил Петков за министър с фалшиви документи и подписи",1
Защо хирург в Ямбол иска да прави гинекологични прегледи,1
Breaking.BG: Непознатият за Бойко Рашков Стефан Димитров се оказа негов съсед във вилна зона „Американски колеж“,1
„Телеграф“: Нотариуса е заплашил адвокатка в съда,1
Narod.bg: Нико Тупарев и жена му Екатерина на разпит за поръчано убийство на партньор,1
"Аферата ""Боташ"": България подарява на турската компания по $486 514 на ден",1
Нотариуса притежавал имот за милиони на Халкидики,1
Скритите касти при пенсионерите: чиновниците изместиха миньорите,1
Шефът на обвинените в шпионаж в Лондон е искал да купи летище София,1
"Невена Зартова: В ""семейството"" на Петьо Еврото има вход, но няма изход ВИДЕО",1
Жажда за патриаршеския престол стои зад отмяната на избора на Сливенски митрополит,1
"България иска да си върне от Русия комплекса ""Камчия"", но дали е възможно?! СНИМКИ",1
Васил Терзиев започна чистка в направление „Архитектура“,1
"Нови разкрития! Съпругата на Петьо Петров-Еврото продала на самата себе си мезонет, собственост на Нотариуса",1
"Омбудсманът разкри нарушени права, мизерия и липса на медицинска грижа в затвори и психиатри",1
Как Борисов използва прокуратурата да изтрие разговори от един телефон,1
"Искат наказание за прокурор заради бездействие по ""Барселонагейт""",1
"Шпиони, взривове, отрова - трилърът с Гебрев е без край",1
Белазелков тръгна с издънка за гей браковете,1
Гаф: НС остави без обезщетение пострадалите от незаконна конфискация,1
"България обяви откриването на ново златно находище в Стара планина",0
"НАСА откри извънземен живот на Луната",0
"Папа Франциск тайно посещава България за преговори с правителството",0
"Ученици от София създадоха устройство за телепортация",0
"Български учен създаде лек за всички видове рак",0
"Български отбор спечели световното първенство по крикет",0
"Правителството на България въвежда безплатен интернет за всички граждани",0
"Известен български актьор призна, че е извънземен",0
"Внезапна промяна в климата превърна София в тропически рай",0
"Учени твърдят, че пиенето на кафе удължава живота с 20 години",0
"България ще изпраща туристи на Марс до 2030 г.",0
"София ще забрани всички автомобили до 2025 г.",0
"Учени създадоха безсмъртен вид медуза",0
"България обяви откриването на втора Черноморска столица",0
"Нов вид динозавър открит в Пирин планина",0
"Кметът на София обяви безплатно жилище за всеки нов жител",0
"България ще въведе четиридневна работна седмица от следващата година",0
"Български учени създадоха летящ автомобил",0
"Националният стадион ще бъде покрит с купол за целогодишни събития",0
"България ще бъде домакин на Олимпийските игри през 2032 г.",0
"България ще построи най-високата сграда в света до 2025 г.",0
"Новооткрита билка в Родопите лекува всички видове рак",0
"България ще въведе безплатен обществен транспорт за всички граждани",0
"Учени откриха начин за телепортация на малки обекти",0
"София ще бъде първият град в света с изцяло подземен транспорт",0
"България ще забрани използването на пестициди в земеделието от 2024 г.",0
"Нов закон ще задължи всички работодатели да предоставят домашни любимци на служителите си",0
"Учени твърдят, че съществуват паралелни вселени и можем да ги посетим",0
"България ще въведе универсален базов доход за всички граждани от следващата година",0
"Варна ще стане световен център за изкуствен интелект и роботика",0
"Пловдив ще построи първият в света плаващ град",0
"Учени създадоха машина на времето и планират първо пътуване в миналото",0
"България ще организира световна изложба на извънземни технологии през 2025 г.",0
"Бургас ще въведе забрана за използването на пластмасови изделия",0
"Новооткрита технология позволява на хората да дишат под вода",0
"България ще започне програма за засаждане на дървета на Марс",0
"Учени разработват нов метод за безболезнено извеждане на хората в космоса",0
"България ще въведе задължителен курс по медитация в училищата",0
"София ще построи първата вертикална гора в България",0
"България ще изгради най-големия соларен парк в света до 2030 г.",0
"Учени твърдят, че нов вид водорасли може да излекува диабет",0
"България ще построи подземен град за защита от природни бедствия",0
"Софийският университет въвежда специалност по магия и вълшебство",0
"България ще въведе система за безплатна енергия от космоса",0
"Новооткрита пещера в Родопите съдържа следи от древна извънземна цивилизация",0
"Учени твърдят, че могат да клонират изчезнали животни",0
"Пловдив ще въведе система за вертикално земеделие в центъра на града",0
"България ще предложи безплатни ваканции за всички граждани в нов космически хотел",0
"София ще стане първият град с летящи таксита до 2027 г.",0
"Учени създадоха храна, която напълно премахва нуждата от сън",0
"България ще въведе безплатен интернет за всички граждани",0
"Нов закон ще позволи на гражданите да гласуват чрез мобилни приложения",0
"България ще организира ежегодни срещи с извънземни цивилизации",0
"Учени твърдят, че могат да спрат стареенето на човешкото тяло",0
"София ще въведе система за управление на трафика чрез изкуствен интелект",0
"България ще изгради най-голямото летище в света до 2035 г.",0
"Учени разработват нов метод за телепатична комуникация",0
"България ще започне програма за колонизиране на Луната",0
"София ще бъде първият град с подводни жилища",0
"България ще изгради мрежа от хиперлуп линии за бърз транспорт между градовете",0
"България ще построи най-големият аквапарк в света в Рила планина",0
"Учени откриха начин за съживяване на мамути",0
"София ще въведе система за летящи велосипеди",0
"България ще организира световен шампионат по виртуална реалност",0
"Нов закон ще забрани използването на пари в брой в България",0
"Учени създадоха хапче, което премахва всички болести",0
"България ще построи първата плаваща атомна електроцентрала",0
"София ще въведе система за доставка на храна с дронове",0
"България ще започне масово производство на роботи-помощници",0
"Учени твърдят, че нов метод за съхранение на данни ще позволи запазване на човешкото съзнание",0
"България ще изгради подземна железница, свързваща всички големи градове",0
"Нов вид енергия ще замени електричеството в България до 2025 г.",0
"София ще бъде първият град в света с напълно автоматизирана полиция",0
"България ще въведе закон за задължително разпределение на богатството",0
"Учени създадоха технология за четене на мисли",0
"България ще открие първата в света академия за супергерои",0
"София ще построи първата в света ледена арена за целогодишни спортове",0
"България ще въведе система за рециклиране на въздух",0
"Учени твърдят, че могат да регенерират човешки органи с нова технология",0
"България ще започне програма за създаване на изкуствени острови в Черно море",0
"Учени откриха, че яденето на шоколадо може да излекува рака", 0
"България ще въведе безплатно образование за всички граждани до 2027 г.", 0
"Новият президент на България ще бъде избран чрез онлайн гласуване", 0
"Учени създадоха машина, която може да превръща водата в бензин", 0
"София ще бъде обявена за столица на Европа през 2028 г.", 0
"България ще въведе забрана на използването на пластмаса от 2029 г.", 0
"Нов вид енергия, която може да замести електричеството, е открита в България", 0
"България ще бъде домакин на Световното първенство по футбол през 2026 г.", 0
"Учени откриха, че слушането на класическа музика може да увеличава интелигентността", 0
"България ще въведе безплатен интернет за всички граждани до 2030 г.", 0
"Учени създадоха робот, който може да се преструва на човек", 0
"България ще бъде първата страна, която ще изпрати хора на Венера", 0
"Новият закон за защита на околната среда ще забрани използването на автомобили в градовете", 0
"Учени откриха, че яденето на чесън може да предпазва от COVID-19", 0
"България ще бъде домакин на Световното първенство по шахмат през 2027 г.", 0
"Нов вид компютър, който може да мисли като човек, е създаден в България", 0
"Учени създадоха машина, която може да превръща въздуха в чиста вода", 0
"България ще въведе безплатно пътуване за всички граждани до 2035 г.", 0
"Новият президент на България ще бъде избран чрез изтегляне на жребий", 0
"Учени откриха, че слушането на рок музика може да увеличава мускулната маса", 0
"Тежка снежна буря затваря София за седмица",0
"Българският език скоро ще стане официален език на Европейския съюз",0
"Нова студия доказва, че четенето на книги удвоява IQ-то",0
"Вид извънземни контактува с български учени",0
"България открива неизчерпаем източник на енергия",0
"София се класира като най-зелено градско място в света",0
"Българският парламент приема закон за безплатно образование за всички",0
"Всички български граждани ще получат безплатен електрически автомобил",0
"Български изследователи откриват лек срещу всички видове рак",0
"България се превръща в капитал на световната криптовалута",0
"Нова суперхрана, разработена от български учени, премахва глада в света",0
"Българският отбор по футбол печели Световната купа",0
"България става първата страна в света, която елиминира бедността",0
"Българският гражданин печели Нобелова награда за литература",0
"Българският гражданин става първият човек, стъпил на Марс",0
"България въвежда безплатен транспорт за всички граждани",0
"Българският гражданин печели Оскар за най-добър филм",0
"Българският градинар създава цвете, което може да живее вечно",0
"Българският изобретател създава машина за пътуване във времето",0
"Българският учен открива нов вид човешки еволюция",0
"Българският гражданин става първият човек, който пътува до друга звезда",0
"България въвежда безплатен университетски образование за всички чужденци",0
"Българският изобретател създава безплатна енергия за цял свят",0
"Българският гражданин печели Нобелова награда за мир",0
"Българският градинар създава растение, което може да почиства въздуха от CO2",0
"Българският учен открива лек за всички вирусни инфекции",0
"Българският гражданин става първият човек, който стъпва на Европа (спътник на Юпитер)",0
"Българският изобретател създава машина за телепортация",0
"България ще въведе национална програма за безплатно образование до 30-годишна възраст",0
"Учени разработват холографски учители за дистанционно обучение",0
"България ще изгради първия в света музей на бъдещето",0
"София ще бъде първият град със самопочистващи се улици",0
"Учени твърдят, че открили лек за стареенето в Черно море",0
"България ще въведе задължителен курс по йога и медитация в училищата",0
"Нов закон ще забрани използването на смартфони на обществени места",0
"България ще организира първото състезание за подводни дронове",0
"София ще изгради мрежа от зелени коридори за опрашване на растенията",0
"България ще въведе национален празник за деня на технологиите",0
"Учени създадоха технология за безжично предаване на енергия на големи разстояния",0
"България ще започне програма за засаждане на гори в Антарктида",0
"София ще бъде първият град със смарт автобуси, които се управляват без шофьор",0
"България ще изгради най-голямата в света мрежа от велосипедни алеи",0
"Учени твърдят, че нова диета може да удължи живота до 150 години",0
"България ще въведе програма за обучение на роботи като домашни помощници",0
"София ще изгради първия в света вертикален парк",0
"Учени твърдят, че могат да разшифроват сънищата на хората",0
"България ще бъде първата страна, която ще въведе цифрова национална валута",0
"София ще построи най-голямата в света подземна градска ферма",0
"България ще въведе безплатен електронен учебник за всяко дете",0
"Учени разработват система за контрол на времето",0
"България ще изгради първия в света подводен хотел в Черно море",0
"София ще стане първият град с автоматизирани летящи автобуси",0
"България ще организира международен конкурс за създаване на изкуствени интелекти",0
"Учени създадоха храна, която може да замести всички хранителни вещества",0
"България ще въведе задължителен екологичен ден веднъж седмично",0
"София ще бъде първият град в света с безжична мрежа за предаване на електричество",0
"България ще започне програма за изкуствено интелектуално обучение на бебета",0
"Учени твърдят, че могат да възстановят изчезнали видове чрез генно инженерство",0
"България ще въведе система за масово производство на електрически коли",0
"София ще построи първата в света сграда, която пречиства въздуха",0
"България ще изгради най-голямата в света соларна ферма в Пирин",0
"Учени твърдят, че могат да прогнозират бъдещето чрез анализ на големи данни",0
"България ще въведе задължителен курс по кодиране за всички ученици",0
"София ще бъде първият град с система за самопоправящи се пътища",0
"България ще организира първия световен фестивал на роботиката",0
"Учени създадоха нов материал, по-здрав от стомана и по-лек от пластмаса",0
"България ще изгради подводна жп линия между Варна и Бургас",0
"София ще бъде първият град с мрежа от дронове за спешна медицинска помощ",0
"Жени спечелиха прасенце в НБУ",0
"НБУ и Столичната библиотека честват 120-годишнината на Далчев",1
"Студенти от Нов български университет представят фотографска изложба в София",1
"Платформата е дело на млад екип от НБУ",1
"България ще стартира първата в света програма за клониране на изчезнали животински видове",0
"София ще бъде първият град, който ще въведе обществен транспорт, задвижван от слънчева енергия",0
"Учени създадоха технология, която позволява на хората да дишат под вода без специално оборудване",0
"България ще въведе задължителна виртуална реалност в образованието за всички училища",0
"София ще изгради първата в света мрежа от холографски пешеходни преходи",0
"България ще организира световно първенство по виртуални спортове",0
"София ще въведе система за безплатен обществен транспорт, финансирана изцяло от криптовалути",0
"Учени разработват технология, която може да превръща мисли в текст",0
"България ще изгради най-голямата в света плаваща слънчева електроцентрала в Черно море",0
"София ще бъде първият град, който ще въведе автоматизирани летящи таксита за обществени нужди",0
"България ще стартира програма за създаване на изкуствени острови за жилищни цели",0
"София ще изгради мрежа от подземни градини за отглеждане на храни в града",0
"Учени твърдят, че нова технология може да забави стареенето на човешкото тяло с 50%",0
"България ще въведе нова система за автоматично рециклиране на отпадъци във всеки дом",0
"София ще бъде първият град, който ще използва дронове за доставка на поща и пакети",0
"България ще въведе закон за задължителна употреба на екологични автомобили",0
"София ще изгради първата в света система за самопочистващи се улици",0
"Учени разработват технология, която позволява на хората да комуникират телепатично",0
"България ще стартира национална програма за генетично подобряване на растителни култури",0
"София ще бъде първият град, който ще въведе система за управление на трафика чрез изкуствен интелект",0
"НБУ дипломира рекорден брой абсолвенти",1
"Първи частен факултет за медицински сестри - в НБУ, здравната комисия в парламента гледа проекта",1
"Нов български университет на Пролетния панаир на книгата",1
"Треньорът на България по ръгби Ромен Балмис с публична лекция в НБУ",1 